{
  "task_id": "tuneful_tpch600g_64u240n3",
  "num_objectives": 1,
  "num_constraints": 0,
  "ref_point": null,
  "meta_info": {
    "meta_feature": [
      246038.4702338959,
      1421847850.4307086,
      2948315.5756950853,
      3.0847669181092963,
      1498.998896546734,
      9025013.254065592,
      1053026.590600749,
      9.398708416996799,
      1358114.6354081873,
      0.0,
      0.0,
      217919963.0225213,
      0.07758542718112914,
      98590.18742425065,
      0.1425806334907111,
      63.97767768310993,
      2884010.3689513574,
      0.0,
      0.0,
      0.0,
      0.0,
      0.0,
      0.0,
      0.0,
      0.0,
      0.0,
      127.9858179121217,
      5282652.5027948115,
      0.0,
      29.46507841753948,
      663279.8889310975,
      6399009.437546354,
      521865.18373401347,
      9513080.738590112
    ]
  },
  "global_start_time": "2025-12-25T05:20:28.152833",
  "observations": [
    {
      "config": {
        "spark.broadcast.blockSize": 7,
        "spark.default.parallelism": 495,
        "spark.driver.cores": 1,
        "spark.driver.maxResultSize": 3484,
        "spark.driver.memory": 75,
        "spark.driver.memoryOverhead": 8266,
        "spark.executor.cores": 14,
        "spark.executor.heartbeatInterval": 91,
        "spark.executor.instances": 9,
        "spark.executor.memory": 93,
        "spark.executor.memoryOverhead": 16133,
        "spark.files.fetchTimeout": 119,
        "spark.files.maxPartitionBytes": 330115300,
        "spark.files.openCostInBytes": 9186861,
        "spark.io.compression.snappy.blockSize": 92,
        "spark.kryoserializer.buffer": 45,
        "spark.kryoserializer.buffer.max": 949,
        "spark.locality.wait": 5,
        "spark.memory.fraction": 0.3,
        "spark.memory.offHeap.size": 5,
        "spark.memory.storageFraction": 0.9,
        "spark.network.timeout": 14839,
        "spark.network.timeoutInterval": 217,
        "spark.reducer.maxSizeInFlight": 191,
        "spark.scheduler.excludeOnFailure.unschedulableTaskSetTimeout": 220,
        "spark.scheduler.maxRegisteredResourcesWaitingTime": 18,
        "spark.scheduler.minRegisteredResourcesRatio": 0.55,
        "spark.scheduler.revive.interval": 2,
        "spark.shuffle.accurateBlockThreshold": 48673750,
        "spark.shuffle.file.buffer": 42,
        "spark.shuffle.mapOutput.minSizeForBroadcast": 1959,
        "spark.shuffle.registration.maxAttempts": 1,
        "spark.shuffle.registration.timeout": 4111,
        "spark.shuffle.service.index.cache.size": 270,
        "spark.shuffle.spill.diskWriteBufferSize": 50250071,
        "spark.shuffle.unsafe.file.output.buffer": 201,
        "spark.speculation.interval": 255,
        "spark.speculation.quantile": 0.25,
        "spark.sql.adaptive.rebalancePartitionsSmallPartitionFactor": 0.1,
        "spark.sql.autoBroadcastJoinThreshold": 515,
        "spark.sql.broadcastTimeout": 8574,
        "spark.sql.files.maxPartitionBytes": 101434143,
        "spark.sql.shuffle.partitions": 357,
        "spark.sql.sources.parallelPartitionDiscovery.parallelism": 69,
        "spark.stage.maxConsecutiveAttempts": 5,
        "spark.storage.localDiskByExecutors.cacheSize": 698,
        "spark.storage.memoryMapThreshold": 4,
        "spark.storage.unrollMemoryThreshold": 4743675,
        "spark.task.cpus": 6,
        "spark.task.maxFailures": 1,
        "spark.task.reaper.pollingInterval": 49
      },
      "objectives": [
        8923.210751056671
      ],
      "constraints": null,
      "trial_state": 0,
      "elapsed_time": 8968.285645008087,
      "create_time": "2025-12-25T05:20:28.153116",
      "extra_info": {
        "origin": "Default Configuration",
        "qt_time": {
          "10": 524.1348445415497,
          "11": 42.72217106819153,
          "12": 86.25173044204712,
          "13": 263.6591260433197,
          "14": 63.57068204879761,
          "15": 109.90270757675171,
          "16": 69.67673015594482,
          "17": 1026.2772245407104,
          "18": 1439.8393199443817,
          "19": 123.63191294670105,
          "1": 1220.9311292171478,
          "20": 37.618794441223145,
          "21": 1819.1631398200989,
          "22": 98.48616671562195,
          "2": 90.19916653633118,
          "3": 346.4711470603943,
          "4": 585.3761155605316,
          "5": 385.7761957645416,
          "6": 24.23379373550415,
          "7": 105.8685233592987,
          "8": 139.30233907699585,
          "9": 320.11779046058655
        },
        "et_time": {
          "10": 524.1361303329468,
          "11": 42.72311544418335,
          "12": 86.25234198570251,
          "13": 263.65969610214233,
          "14": 63.57127833366394,
          "15": 109.90509581565857,
          "16": 69.67768168449402,
          "17": 1026.278033733368,
          "18": 1439.8402609825134,
          "19": 123.63266181945801,
          "1": 1220.9318315982819,
          "20": 37.61944127082825,
          "21": 1819.164202928543,
          "22": 98.48766088485718,
          "2": 90.20007038116455,
          "3": 346.4720847606659,
          "4": 585.3768711090088,
          "5": 385.77675437927246,
          "6": 24.23440384864807,
          "7": 105.86908626556396,
          "8": 139.30296659469604,
          "9": 320.1186888217926
        },
        "plan_sqls": [
          "10",
          "11",
          "12",
          "13",
          "14",
          "15",
          "16",
          "17",
          "18",
          "19",
          "1",
          "20",
          "21",
          "22",
          "2",
          "3",
          "4",
          "5",
          "6",
          "7",
          "8",
          "9"
        ],
        "plan_timeout": {}
      }
    }
  ]
}